Year,Movie
Upcoming,Roosevelt
Upcoming,Sinatra
Upcoming,The Wager
Upcoming,Another Round
2025,BC Project
2024,Quiet on Set: The Dark Side of Kids TV
2024,Man on the Run
2023,"Martin Scorsese, l'Italo-Américain"
2023,Titanic: Stories From the Heart
2023,Killers of the Flower Moon
2021,Don't Look Up
2021,The Savior for Sale
2021,Adele One Night Only
2021,The Lost Leonardo
2021,kid 90
2021,Leonardo DiCaprio: Most Wanted!
2020,"Whose Vote Counts, Explained"
2020,The Last Dance
2019,Teslafy Me
2019,QT8: The First Eight
2019,The Curse of Don's Plum
2019,Once Upon a Time... in Hollywood
2019,Ice on Fire
2019,And We Go Green
2018,Patriot Act with Hasan Minhaj
2017,Ryuichi Sakamoto: Coda
2017,Spielberg
2016,Before the Flood
2016,Koko: The Gorilla Who Talks to People
2016,A World Unseen: 'The Revenant'
2015,द रेवनेंट
2015,The Audition
2015,Scorsese's Goodfellas
2014,The Wolf Pack
2013,The Wolf of Wall Street
2013,The Great Gatsby
2012,Django Unchained
2012,Reflections on Titanic
2012,Honest Trailers
2012,Final Cut: Ladies and Gentlemen
2011,J. Edgar
2011,The Love We Make
2010,Inception: The Cobol Job
2010,Dreams: Cinema of the Subconscious
2010,Inception
2010,Shutter Island: Into the Lighthouse
2010,Hubble
2010,Shutter Island
2009,Live from Studio Five
2009,कमबख़्त इश्क़
2008,Revolutionary Road
2008,झूठ ही झूठ
2008,Markus Lanz
2008,Notes on an American Film Director at Work
2007,Don't Tell My Booker!!!
2007,The 11th Hour
2007,"Stranger Than Fiction: The True Story of Whitey Bulger, Southie and 'The Departed'"
2007,Everything's Cool
2006,Blood Diamond
2006,The Departed
2005,Earth to America
2005,A Concert for Hurricane Relief
2005,Nos Bastidores de Hollywood
2004,The Aviator
2003,Celebrities Uncensored
2003,Catch Me If You Can: Behind the Camera
2002,Catch Me If You Can
2002,Gangs of New York
2001,The Concert for New York City
2001,Don's Plum
2000,Portrait of Leonardo: The Kid Who Took Hollywood
2000,The Beach
2000,Hangin' with Leo!!
1999,The Early Show
1999,Teen Choice Awards
1998,Celebrity
1998,The Man in the Iron Mask
1997,Titanic
1997,Taff
1996,Marvin's Room
1996,Romeo + Juliet
1996,Critics' Choice Movie Awards
1995,Total Eclipse
1995,The Basketball Diaries
1995,The Quick and the Dead
1995,X-Girl
1994,The Foot Shooting Party
1993,What's Eating Gilbert Grape
1993,This Boy's Life
1993,GMTV
1992,HBO First Look
1992,The Tonight Show with Jay Leno
1992,Poison Ivy
1991,Critters 3
1990,Parenthood
1990,The Outsiders
1989,The New Lassie
1989,"Mickey's Safety Club: Street Safe, Street Smart"
1988,Roseanne
1985,Growing Pains
1984,Santa Barbara
1981,Entertainment Tonight
1981,"Wetten, dass..?"
1975,Saturday Night Live
1953,The Oscars
1953,Romper Room
1952,Today
